model,instrument_type,instrument,quandl_id
EQUITY_TREND_MMM,MMM,STOCK,YAHOO/MMM
EQUITY_TREND_ABT,ABT,STOCK,YAHOO/ABT
EQUITY_TREND_ABBV,ABBV,STOCK,YAHOO/ABBV
EQUITY_TREND_ACN,ACN,STOCK,YAHOO/ACN
EQUITY_TREND_ATVI,ATVI,STOCK,YAHOO/ATVI
EQUITY_TREND_ADBE,ADBE,STOCK,YAHOO/ADBE
EQUITY_TREND_ADT,ADT,STOCK,YAHOO/ADT
EQUITY_TREND_AAP,AAP,STOCK,YAHOO/AAP
EQUITY_TREND_AES,AES,STOCK,YAHOO/AES
EQUITY_TREND_AET,AET,STOCK,YAHOO/AET
EQUITY_TREND_AFL,AFL,STOCK,YAHOO/AFL
EQUITY_TREND_AMG,AMG,STOCK,YAHOO/AMG
EQUITY_TREND_A,A,STOCK,YAHOO/A
EQUITY_TREND_GAS,GAS,STOCK,YAHOO/GAS
EQUITY_TREND_APD,APD,STOCK,YAHOO/APD
EQUITY_TREND_ARG,ARG,STOCK,YAHOO/ARG
EQUITY_TREND_AKAM,AKAM,STOCK,YAHOO/AKAM
EQUITY_TREND_AA,AA,STOCK,YAHOO/AA
EQUITY_TREND_ALXN,ALXN,STOCK,YAHOO/ALXN
EQUITY_TREND_ALLE,ALLE,STOCK,YAHOO/ALLE
EQUITY_TREND_ADS,ADS,STOCK,YAHOO/ADS
EQUITY_TREND_ALL,ALL,STOCK,YAHOO/ALL
EQUITY_TREND_GOOGL,GOOGL,STOCK,YAHOO/GOOGL
EQUITY_TREND_GOOG,GOOG,STOCK,YAHOO/GOOG
EQUITY_TREND_MO,MO,STOCK,YAHOO/MO
EQUITY_TREND_AMZN,AMZN,STOCK,YAHOO/AMZN
EQUITY_TREND_AEE,AEE,STOCK,YAHOO/AEE
EQUITY_TREND_AAL,AAL,STOCK,YAHOO/AAL
EQUITY_TREND_AEP,AEP,STOCK,YAHOO/AEP
EQUITY_TREND_AXP,AXP,STOCK,YAHOO/AXP
EQUITY_TREND_AIG,AIG,STOCK,YAHOO/AIG
EQUITY_TREND_AMT,AMT,STOCK,YAHOO/AMT
EQUITY_TREND_AWK,AWK,STOCK,YAHOO/AWK
EQUITY_TREND_AMP,AMP,STOCK,YAHOO/AMP
EQUITY_TREND_ABC,ABC,STOCK,YAHOO/ABC
EQUITY_TREND_AME,AME,STOCK,YAHOO/AME
EQUITY_TREND_AMGN,AMGN,STOCK,YAHOO/AMGN
EQUITY_TREND_APH,APH,STOCK,YAHOO/APH
EQUITY_TREND_APC,APC,STOCK,YAHOO/APC
EQUITY_TREND_ADI,ADI,STOCK,YAHOO/ADI
EQUITY_TREND_AON,AON,STOCK,YAHOO/AON
EQUITY_TREND_APA,APA,STOCK,YAHOO/APA
EQUITY_TREND_AIV,AIV,STOCK,YAHOO/AIV
EQUITY_TREND_AAPL,AAPL,STOCK,YAHOO/AAPL
EQUITY_TREND_AMAT,AMAT,STOCK,YAHOO/AMAT
EQUITY_TREND_ADM,ADM,STOCK,YAHOO/ADM
EQUITY_TREND_AIZ,AIZ,STOCK,YAHOO/AIZ
EQUITY_TREND_T,T,STOCK,YAHOO/T
EQUITY_TREND_ADSK,ADSK,STOCK,YAHOO/ADSK
EQUITY_TREND_ADP,ADP,STOCK,YAHOO/ADP
EQUITY_TREND_AN,AN,STOCK,YAHOO/AN
EQUITY_TREND_AZO,AZO,STOCK,YAHOO/AZO
EQUITY_TREND_AVGO,AVGO,STOCK,YAHOO/AVGO
EQUITY_TREND_AVB,AVB,STOCK,YAHOO/AVB
EQUITY_TREND_AVY,AVY,STOCK,YAHOO/AVY
EQUITY_TREND_BHI,BHI,STOCK,YAHOO/BHI
EQUITY_TREND_BLL,BLL,STOCK,YAHOO/BLL
EQUITY_TREND_BAC,BAC,STOCK,YAHOO/BAC
EQUITY_TREND_BK,BK,STOCK,YAHOO/BK
EQUITY_TREND_BCR,BCR,STOCK,YAHOO/BCR
EQUITY_TREND_BXLT,BXLT,STOCK,YAHOO/BXLT
EQUITY_TREND_BAX,BAX,STOCK,YAHOO/BAX
EQUITY_TREND_BBT,BBT,STOCK,YAHOO/BBT
EQUITY_TREND_BDX,BDX,STOCK,YAHOO/BDX
EQUITY_TREND_BBBY,BBBY,STOCK,YAHOO/BBBY
EQUITY_TREND_BRK-B,BRK-B,STOCK,YAHOO/BRK-B
EQUITY_TREND_BBY,BBY,STOCK,YAHOO/BBY
EQUITY_TREND_BIIB,BIIB,STOCK,YAHOO/BIIB
EQUITY_TREND_BLK,BLK,STOCK,YAHOO/BLK
EQUITY_TREND_HRB,HRB,STOCK,YAHOO/HRB
EQUITY_TREND_BA,BA,STOCK,YAHOO/BA
EQUITY_TREND_BWA,BWA,STOCK,YAHOO/BWA
EQUITY_TREND_BXP,BXP,STOCK,YAHOO/BXP
EQUITY_TREND_BSX,BSX,STOCK,YAHOO/BSX
EQUITY_TREND_BMY,BMY,STOCK,YAHOO/BMY
EQUITY_TREND_BF-B,BF-B,STOCK,YAHOO/BF-B
EQUITY_TREND_CHRW,CHRW,STOCK,YAHOO/CHRW
EQUITY_TREND_CA,CA,STOCK,YAHOO/CA
EQUITY_TREND_CVC,CVC,STOCK,YAHOO/CVC
EQUITY_TREND_COG,COG,STOCK,YAHOO/COG
EQUITY_TREND_CPB,CPB,STOCK,YAHOO/CPB
EQUITY_TREND_COF,COF,STOCK,YAHOO/COF
EQUITY_TREND_CAH,CAH,STOCK,YAHOO/CAH
EQUITY_TREND_HSIC,HSIC,STOCK,YAHOO/HSIC
EQUITY_TREND_KMX,KMX,STOCK,YAHOO/KMX
EQUITY_TREND_CCL,CCL,STOCK,YAHOO/CCL
EQUITY_TREND_CAT,CAT,STOCK,YAHOO/CAT
EQUITY_TREND_CBG,CBG,STOCK,YAHOO/CBG
EQUITY_TREND_CBS,CBS,STOCK,YAHOO/CBS
EQUITY_TREND_CELG,CELG,STOCK,YAHOO/CELG
EQUITY_TREND_CNC,CNC,STOCK,YAHOO/CNC
EQUITY_TREND_CNP,CNP,STOCK,YAHOO/CNP
EQUITY_TREND_CTL,CTL,STOCK,YAHOO/CTL
EQUITY_TREND_CERN,CERN,STOCK,YAHOO/CERN
EQUITY_TREND_CF,CF,STOCK,YAHOO/CF
EQUITY_TREND_SCHW,SCHW,STOCK,YAHOO/SCHW
EQUITY_TREND_CHK,CHK,STOCK,YAHOO/CHK
EQUITY_TREND_CVX,CVX,STOCK,YAHOO/CVX
EQUITY_TREND_CMG,CMG,STOCK,YAHOO/CMG
EQUITY_TREND_CB,CB,STOCK,YAHOO/CB
EQUITY_TREND_CHD,CHD,STOCK,YAHOO/CHD
EQUITY_TREND_CI,CI,STOCK,YAHOO/CI
EQUITY_TREND_XEC,XEC,STOCK,YAHOO/XEC
EQUITY_TREND_CINF,CINF,STOCK,YAHOO/CINF
EQUITY_TREND_CTAS,CTAS,STOCK,YAHOO/CTAS
EQUITY_TREND_CSCO,CSCO,STOCK,YAHOO/CSCO
EQUITY_TREND_C,C,STOCK,YAHOO/C
EQUITY_TREND_CTXS,CTXS,STOCK,YAHOO/CTXS
EQUITY_TREND_CLX,CLX,STOCK,YAHOO/CLX
EQUITY_TREND_CME,CME,STOCK,YAHOO/CME
EQUITY_TREND_CMS,CMS,STOCK,YAHOO/CMS
EQUITY_TREND_COH,COH,STOCK,YAHOO/COH
EQUITY_TREND_KO,KO,STOCK,YAHOO/KO
EQUITY_TREND_CCE,CCE,STOCK,YAHOO/CCE
EQUITY_TREND_CTSH,CTSH,STOCK,YAHOO/CTSH
EQUITY_TREND_CL,CL,STOCK,YAHOO/CL
EQUITY_TREND_CPGX,CPGX,STOCK,YAHOO/CPGX
EQUITY_TREND_CMCSA,CMCSA,STOCK,YAHOO/CMCSA
EQUITY_TREND_CMA,CMA,STOCK,YAHOO/CMA
EQUITY_TREND_CAG,CAG,STOCK,YAHOO/CAG
EQUITY_TREND_CXO,CXO,STOCK,YAHOO/CXO
EQUITY_TREND_COP,COP,STOCK,YAHOO/COP
EQUITY_TREND_ED,ED,STOCK,YAHOO/ED
EQUITY_TREND_STZ,STZ,STOCK,YAHOO/STZ
EQUITY_TREND_GLW,GLW,STOCK,YAHOO/GLW
EQUITY_TREND_COST,COST,STOCK,YAHOO/COST
EQUITY_TREND_CCI,CCI,STOCK,YAHOO/CCI
EQUITY_TREND_CSRA,CSRA,STOCK,YAHOO/CSRA
EQUITY_TREND_CSX,CSX,STOCK,YAHOO/CSX
EQUITY_TREND_CMI,CMI,STOCK,YAHOO/CMI
EQUITY_TREND_CVS,CVS,STOCK,YAHOO/CVS
EQUITY_TREND_DHI,DHI,STOCK,YAHOO/DHI
EQUITY_TREND_DHR,DHR,STOCK,YAHOO/DHR
EQUITY_TREND_DRI,DRI,STOCK,YAHOO/DRI
EQUITY_TREND_DVA,DVA,STOCK,YAHOO/DVA
EQUITY_TREND_DE,DE,STOCK,YAHOO/DE
EQUITY_TREND_DLPH,DLPH,STOCK,YAHOO/DLPH
EQUITY_TREND_DAL,DAL,STOCK,YAHOO/DAL
EQUITY_TREND_XRAY,XRAY,STOCK,YAHOO/XRAY
EQUITY_TREND_DVN,DVN,STOCK,YAHOO/DVN
EQUITY_TREND_DO,DO,STOCK,YAHOO/DO
EQUITY_TREND_DFS,DFS,STOCK,YAHOO/DFS
EQUITY_TREND_DISCA,DISCA,STOCK,YAHOO/DISCA
EQUITY_TREND_DISCK,DISCK,STOCK,YAHOO/DISCK
EQUITY_TREND_DG,DG,STOCK,YAHOO/DG
EQUITY_TREND_DLTR,DLTR,STOCK,YAHOO/DLTR
EQUITY_TREND_D,D,STOCK,YAHOO/D
EQUITY_TREND_DOV,DOV,STOCK,YAHOO/DOV
EQUITY_TREND_DOW,DOW,STOCK,YAHOO/DOW
EQUITY_TREND_DPS,DPS,STOCK,YAHOO/DPS
EQUITY_TREND_DTE,DTE,STOCK,YAHOO/DTE
EQUITY_TREND_DD,DD,STOCK,YAHOO/DD
EQUITY_TREND_DUK,DUK,STOCK,YAHOO/DUK
EQUITY_TREND_DNB,DNB,STOCK,YAHOO/DNB
EQUITY_TREND_ETFC,ETFC,STOCK,YAHOO/ETFC
EQUITY_TREND_EMN,EMN,STOCK,YAHOO/EMN
EQUITY_TREND_ETN,ETN,STOCK,YAHOO/ETN
EQUITY_TREND_EBAY,EBAY,STOCK,YAHOO/EBAY
EQUITY_TREND_ECL,ECL,STOCK,YAHOO/ECL
EQUITY_TREND_EIX,EIX,STOCK,YAHOO/EIX
EQUITY_TREND_EW,EW,STOCK,YAHOO/EW
EQUITY_TREND_EA,EA,STOCK,YAHOO/EA
EQUITY_TREND_EMC,EMC,STOCK,YAHOO/EMC
EQUITY_TREND_EMR,EMR,STOCK,YAHOO/EMR
EQUITY_TREND_ENDP,ENDP,STOCK,YAHOO/ENDP
EQUITY_TREND_ETR,ETR,STOCK,YAHOO/ETR
EQUITY_TREND_EOG,EOG,STOCK,YAHOO/EOG
EQUITY_TREND_EQT,EQT,STOCK,YAHOO/EQT
EQUITY_TREND_EFX,EFX,STOCK,YAHOO/EFX
EQUITY_TREND_EQIX,EQIX,STOCK,YAHOO/EQIX
EQUITY_TREND_EQR,EQR,STOCK,YAHOO/EQR
EQUITY_TREND_ESS,ESS,STOCK,YAHOO/ESS
EQUITY_TREND_EL,EL,STOCK,YAHOO/EL
EQUITY_TREND_ES,ES,STOCK,YAHOO/ES
EQUITY_TREND_EXC,EXC,STOCK,YAHOO/EXC
EQUITY_TREND_EXPE,EXPE,STOCK,YAHOO/EXPE
EQUITY_TREND_EXPD,EXPD,STOCK,YAHOO/EXPD
EQUITY_TREND_ESRX,ESRX,STOCK,YAHOO/ESRX
EQUITY_TREND_EXR,EXR,STOCK,YAHOO/EXR
EQUITY_TREND_XOM,XOM,STOCK,YAHOO/XOM
EQUITY_TREND_FFIV,FFIV,STOCK,YAHOO/FFIV
EQUITY_TREND_FB,FB,STOCK,YAHOO/FB
EQUITY_TREND_FAST,FAST,STOCK,YAHOO/FAST
EQUITY_TREND_FRT,FRT,STOCK,YAHOO/FRT
EQUITY_TREND_FDX,FDX,STOCK,YAHOO/FDX
EQUITY_TREND_FIS,FIS,STOCK,YAHOO/FIS
EQUITY_TREND_FITB,FITB,STOCK,YAHOO/FITB
EQUITY_TREND_FSLR,FSLR,STOCK,YAHOO/FSLR
EQUITY_TREND_FE,FE,STOCK,YAHOO/FE
EQUITY_TREND_FISV,FISV,STOCK,YAHOO/FISV
EQUITY_TREND_FLIR,FLIR,STOCK,YAHOO/FLIR
EQUITY_TREND_FLS,FLS,STOCK,YAHOO/FLS
EQUITY_TREND_FLR,FLR,STOCK,YAHOO/FLR
EQUITY_TREND_FMC,FMC,STOCK,YAHOO/FMC
EQUITY_TREND_FTI,FTI,STOCK,YAHOO/FTI
EQUITY_TREND_FL,FL,STOCK,YAHOO/FL
EQUITY_TREND_F,F,STOCK,YAHOO/F
EQUITY_TREND_BEN,BEN,STOCK,YAHOO/BEN
EQUITY_TREND_FCX,FCX,STOCK,YAHOO/FCX
EQUITY_TREND_FTR,FTR,STOCK,YAHOO/FTR
EQUITY_TREND_GME,GME,STOCK,YAHOO/GME
EQUITY_TREND_GPS,GPS,STOCK,YAHOO/GPS
EQUITY_TREND_GRMN,GRMN,STOCK,YAHOO/GRMN
EQUITY_TREND_GD,GD,STOCK,YAHOO/GD
EQUITY_TREND_GE,GE,STOCK,YAHOO/GE
EQUITY_TREND_GGP,GGP,STOCK,YAHOO/GGP
EQUITY_TREND_GIS,GIS,STOCK,YAHOO/GIS
EQUITY_TREND_GM,GM,STOCK,YAHOO/GM
EQUITY_TREND_GPC,GPC,STOCK,YAHOO/GPC
EQUITY_TREND_GILD,GILD,STOCK,YAHOO/GILD
EQUITY_TREND_GS,GS,STOCK,YAHOO/GS
EQUITY_TREND_GT,GT,STOCK,YAHOO/GT
EQUITY_TREND_GWW,GWW,STOCK,YAHOO/GWW
EQUITY_TREND_HAL,HAL,STOCK,YAHOO/HAL
EQUITY_TREND_HBI,HBI,STOCK,YAHOO/HBI
EQUITY_TREND_HOG,HOG,STOCK,YAHOO/HOG
EQUITY_TREND_HAR,HAR,STOCK,YAHOO/HAR
EQUITY_TREND_HRS,HRS,STOCK,YAHOO/HRS
EQUITY_TREND_HIG,HIG,STOCK,YAHOO/HIG
EQUITY_TREND_HAS,HAS,STOCK,YAHOO/HAS
EQUITY_TREND_HCA,HCA,STOCK,YAHOO/HCA
EQUITY_TREND_HCP,HCP,STOCK,YAHOO/HCP
EQUITY_TREND_HP,HP,STOCK,YAHOO/HP
EQUITY_TREND_HES,HES,STOCK,YAHOO/HES
EQUITY_TREND_HPE,HPE,STOCK,YAHOO/HPE
EQUITY_TREND_HOLX,HOLX,STOCK,YAHOO/HOLX
EQUITY_TREND_HD,HD,STOCK,YAHOO/HD
EQUITY_TREND_HON,HON,STOCK,YAHOO/HON
EQUITY_TREND_HRL,HRL,STOCK,YAHOO/HRL
EQUITY_TREND_HST,HST,STOCK,YAHOO/HST
EQUITY_TREND_HPQ,HPQ,STOCK,YAHOO/HPQ
EQUITY_TREND_HUM,HUM,STOCK,YAHOO/HUM
EQUITY_TREND_HBAN,HBAN,STOCK,YAHOO/HBAN
EQUITY_TREND_ITW,ITW,STOCK,YAHOO/ITW
EQUITY_TREND_ILMN,ILMN,STOCK,YAHOO/ILMN
EQUITY_TREND_IR,IR,STOCK,YAHOO/IR
EQUITY_TREND_INTC,INTC,STOCK,YAHOO/INTC
EQUITY_TREND_ICE,ICE,STOCK,YAHOO/ICE
EQUITY_TREND_IBM,IBM,STOCK,YAHOO/IBM
EQUITY_TREND_IP,IP,STOCK,YAHOO/IP
EQUITY_TREND_IPG,IPG,STOCK,YAHOO/IPG
EQUITY_TREND_IFF,IFF,STOCK,YAHOO/IFF
EQUITY_TREND_INTU,INTU,STOCK,YAHOO/INTU
EQUITY_TREND_ISRG,ISRG,STOCK,YAHOO/ISRG
EQUITY_TREND_IVZ,IVZ,STOCK,YAHOO/IVZ
EQUITY_TREND_IRM,IRM,STOCK,YAHOO/IRM
EQUITY_TREND_JEC,JEC,STOCK,YAHOO/JEC
EQUITY_TREND_JBHT,JBHT,STOCK,YAHOO/JBHT
EQUITY_TREND_JNJ,JNJ,STOCK,YAHOO/JNJ
EQUITY_TREND_JCI,JCI,STOCK,YAHOO/JCI
EQUITY_TREND_JPM,JPM,STOCK,YAHOO/JPM
EQUITY_TREND_JNPR,JNPR,STOCK,YAHOO/JNPR
EQUITY_TREND_KSU,KSU,STOCK,YAHOO/KSU
EQUITY_TREND_K,K,STOCK,YAHOO/K
EQUITY_TREND_KEY,KEY,STOCK,YAHOO/KEY
EQUITY_TREND_KMB,KMB,STOCK,YAHOO/KMB
EQUITY_TREND_KIM,KIM,STOCK,YAHOO/KIM
EQUITY_TREND_KMI,KMI,STOCK,YAHOO/KMI
EQUITY_TREND_KLAC,KLAC,STOCK,YAHOO/KLAC
EQUITY_TREND_KSS,KSS,STOCK,YAHOO/KSS
EQUITY_TREND_KHC,KHC,STOCK,YAHOO/KHC
EQUITY_TREND_KR,KR,STOCK,YAHOO/KR
EQUITY_TREND_LB,LB,STOCK,YAHOO/LB
EQUITY_TREND_LLL,LLL,STOCK,YAHOO/LLL
EQUITY_TREND_LH,LH,STOCK,YAHOO/LH
EQUITY_TREND_LRCX,LRCX,STOCK,YAHOO/LRCX
EQUITY_TREND_LM,LM,STOCK,YAHOO/LM
EQUITY_TREND_LEG,LEG,STOCK,YAHOO/LEG
EQUITY_TREND_LEN,LEN,STOCK,YAHOO/LEN
EQUITY_TREND_LVLT,LVLT,STOCK,YAHOO/LVLT
EQUITY_TREND_LUK,LUK,STOCK,YAHOO/LUK
EQUITY_TREND_LLY,LLY,STOCK,YAHOO/LLY
EQUITY_TREND_LNC,LNC,STOCK,YAHOO/LNC
EQUITY_TREND_LLTC,LLTC,STOCK,YAHOO/LLTC
EQUITY_TREND_LMT,LMT,STOCK,YAHOO/LMT
EQUITY_TREND_L,L,STOCK,YAHOO/L
EQUITY_TREND_LOW,LOW,STOCK,YAHOO/LOW
EQUITY_TREND_LYB,LYB,STOCK,YAHOO/LYB
EQUITY_TREND_MTB,MTB,STOCK,YAHOO/MTB
EQUITY_TREND_MAC,MAC,STOCK,YAHOO/MAC
EQUITY_TREND_M,M,STOCK,YAHOO/M
EQUITY_TREND_MNK,MNK,STOCK,YAHOO/MNK
EQUITY_TREND_MRO,MRO,STOCK,YAHOO/MRO
EQUITY_TREND_MPC,MPC,STOCK,YAHOO/MPC
EQUITY_TREND_MAR,MAR,STOCK,YAHOO/MAR
EQUITY_TREND_MMC,MMC,STOCK,YAHOO/MMC
EQUITY_TREND_MLM,MLM,STOCK,YAHOO/MLM
EQUITY_TREND_MAS,MAS,STOCK,YAHOO/MAS
EQUITY_TREND_MA,MA,STOCK,YAHOO/MA
EQUITY_TREND_MAT,MAT,STOCK,YAHOO/MAT
EQUITY_TREND_MKC,MKC,STOCK,YAHOO/MKC
EQUITY_TREND_MCD,MCD,STOCK,YAHOO/MCD
EQUITY_TREND_MHFI,MHFI,STOCK,YAHOO/MHFI
EQUITY_TREND_MCK,MCK,STOCK,YAHOO/MCK
EQUITY_TREND_MJN,MJN,STOCK,YAHOO/MJN
EQUITY_TREND_WRK,WRK,STOCK,YAHOO/WRK
EQUITY_TREND_MDT,MDT,STOCK,YAHOO/MDT
EQUITY_TREND_MRK,MRK,STOCK,YAHOO/MRK
EQUITY_TREND_MET,MET,STOCK,YAHOO/MET
EQUITY_TREND_KORS,KORS,STOCK,YAHOO/KORS
EQUITY_TREND_MCHP,MCHP,STOCK,YAHOO/MCHP
EQUITY_TREND_MU,MU,STOCK,YAHOO/MU
EQUITY_TREND_MSFT,MSFT,STOCK,YAHOO/MSFT
EQUITY_TREND_MHK,MHK,STOCK,YAHOO/MHK
EQUITY_TREND_TAP,TAP,STOCK,YAHOO/TAP
EQUITY_TREND_MDLZ,MDLZ,STOCK,YAHOO/MDLZ
EQUITY_TREND_MON,MON,STOCK,YAHOO/MON
EQUITY_TREND_MNST,MNST,STOCK,YAHOO/MNST
EQUITY_TREND_MCO,MCO,STOCK,YAHOO/MCO
EQUITY_TREND_MS,MS,STOCK,YAHOO/MS
EQUITY_TREND_MOS,MOS,STOCK,YAHOO/MOS
EQUITY_TREND_MSI,MSI,STOCK,YAHOO/MSI
EQUITY_TREND_MUR,MUR,STOCK,YAHOO/MUR
EQUITY_TREND_MYL,MYL,STOCK,YAHOO/MYL
EQUITY_TREND_NDAQ,NDAQ,STOCK,YAHOO/NDAQ
EQUITY_TREND_NOV,NOV,STOCK,YAHOO/NOV
EQUITY_TREND_NAVI,NAVI,STOCK,YAHOO/NAVI
EQUITY_TREND_NTAP,NTAP,STOCK,YAHOO/NTAP
EQUITY_TREND_NFLX,NFLX,STOCK,YAHOO/NFLX
EQUITY_TREND_NWL,NWL,STOCK,YAHOO/NWL
EQUITY_TREND_NFX,NFX,STOCK,YAHOO/NFX
EQUITY_TREND_NEM,NEM,STOCK,YAHOO/NEM
EQUITY_TREND_NWSA,NWSA,STOCK,YAHOO/NWSA
EQUITY_TREND_NWS,NWS,STOCK,YAHOO/NWS
EQUITY_TREND_NEE,NEE,STOCK,YAHOO/NEE
EQUITY_TREND_NLSN,NLSN,STOCK,YAHOO/NLSN
EQUITY_TREND_NKE,NKE,STOCK,YAHOO/NKE
EQUITY_TREND_NI,NI,STOCK,YAHOO/NI
EQUITY_TREND_NBL,NBL,STOCK,YAHOO/NBL
EQUITY_TREND_JWN,JWN,STOCK,YAHOO/JWN
EQUITY_TREND_NSC,NSC,STOCK,YAHOO/NSC
EQUITY_TREND_NTRS,NTRS,STOCK,YAHOO/NTRS
EQUITY_TREND_NOC,NOC,STOCK,YAHOO/NOC
EQUITY_TREND_NRG,NRG,STOCK,YAHOO/NRG
EQUITY_TREND_NUE,NUE,STOCK,YAHOO/NUE
EQUITY_TREND_NVDA,NVDA,STOCK,YAHOO/NVDA
EQUITY_TREND_ORLY,ORLY,STOCK,YAHOO/ORLY
EQUITY_TREND_OXY,OXY,STOCK,YAHOO/OXY
EQUITY_TREND_OMC,OMC,STOCK,YAHOO/OMC
EQUITY_TREND_OKE,OKE,STOCK,YAHOO/OKE
EQUITY_TREND_ORCL,ORCL,STOCK,YAHOO/ORCL
EQUITY_TREND_OI,OI,STOCK,YAHOO/OI
EQUITY_TREND_PCAR,PCAR,STOCK,YAHOO/PCAR
EQUITY_TREND_PH,PH,STOCK,YAHOO/PH
EQUITY_TREND_PDCO,PDCO,STOCK,YAHOO/PDCO
EQUITY_TREND_PAYX,PAYX,STOCK,YAHOO/PAYX
EQUITY_TREND_PYPL,PYPL,STOCK,YAHOO/PYPL
EQUITY_TREND_PNR,PNR,STOCK,YAHOO/PNR
EQUITY_TREND_PBCT,PBCT,STOCK,YAHOO/PBCT
EQUITY_TREND_PEP,PEP,STOCK,YAHOO/PEP
EQUITY_TREND_PKI,PKI,STOCK,YAHOO/PKI
EQUITY_TREND_PRGO,PRGO,STOCK,YAHOO/PRGO
EQUITY_TREND_PFE,PFE,STOCK,YAHOO/PFE
EQUITY_TREND_PCG,PCG,STOCK,YAHOO/PCG
EQUITY_TREND_PM,PM,STOCK,YAHOO/PM
EQUITY_TREND_PSX,PSX,STOCK,YAHOO/PSX
EQUITY_TREND_PNW,PNW,STOCK,YAHOO/PNW
EQUITY_TREND_PXD,PXD,STOCK,YAHOO/PXD
EQUITY_TREND_PBI,PBI,STOCK,YAHOO/PBI
EQUITY_TREND_PNC,PNC,STOCK,YAHOO/PNC
EQUITY_TREND_RL,RL,STOCK,YAHOO/RL
EQUITY_TREND_PPG,PPG,STOCK,YAHOO/PPG
EQUITY_TREND_PPL,PPL,STOCK,YAHOO/PPL
EQUITY_TREND_PX,PX,STOCK,YAHOO/PX
EQUITY_TREND_CFG,CFG,STOCK,YAHOO/CFG
EQUITY_TREND_PCLN,PCLN,STOCK,YAHOO/PCLN
EQUITY_TREND_PFG,PFG,STOCK,YAHOO/PFG
EQUITY_TREND_PG,PG,STOCK,YAHOO/PG
EQUITY_TREND_PGR,PGR,STOCK,YAHOO/PGR
EQUITY_TREND_PLD,PLD,STOCK,YAHOO/PLD
EQUITY_TREND_PRU,PRU,STOCK,YAHOO/PRU
EQUITY_TREND_PEG,PEG,STOCK,YAHOO/PEG
EQUITY_TREND_PSA,PSA,STOCK,YAHOO/PSA
EQUITY_TREND_PHM,PHM,STOCK,YAHOO/PHM
EQUITY_TREND_PVH,PVH,STOCK,YAHOO/PVH
EQUITY_TREND_QRVO,QRVO,STOCK,YAHOO/QRVO
EQUITY_TREND_PWR,PWR,STOCK,YAHOO/PWR
EQUITY_TREND_QCOM,QCOM,STOCK,YAHOO/QCOM
EQUITY_TREND_DGX,DGX,STOCK,YAHOO/DGX
EQUITY_TREND_RRC,RRC,STOCK,YAHOO/RRC
EQUITY_TREND_RTN,RTN,STOCK,YAHOO/RTN
EQUITY_TREND_O,O,STOCK,YAHOO/O
EQUITY_TREND_RHT,RHT,STOCK,YAHOO/RHT
EQUITY_TREND_REGN,REGN,STOCK,YAHOO/REGN
EQUITY_TREND_RF,RF,STOCK,YAHOO/RF
EQUITY_TREND_RSG,RSG,STOCK,YAHOO/RSG
EQUITY_TREND_RAI,RAI,STOCK,YAHOO/RAI
EQUITY_TREND_RHI,RHI,STOCK,YAHOO/RHI
EQUITY_TREND_ROK,ROK,STOCK,YAHOO/ROK
EQUITY_TREND_COL,COL,STOCK,YAHOO/COL
EQUITY_TREND_ROP,ROP,STOCK,YAHOO/ROP
EQUITY_TREND_ROST,ROST,STOCK,YAHOO/ROST
EQUITY_TREND_RCL,RCL,STOCK,YAHOO/RCL
EQUITY_TREND_R,R,STOCK,YAHOO/R
EQUITY_TREND_CRM,CRM,STOCK,YAHOO/CRM
EQUITY_TREND_SNDK,SNDK,STOCK,YAHOO/SNDK
EQUITY_TREND_SCG,SCG,STOCK,YAHOO/SCG
EQUITY_TREND_SLB,SLB,STOCK,YAHOO/SLB
EQUITY_TREND_SNI,SNI,STOCK,YAHOO/SNI
EQUITY_TREND_STX,STX,STOCK,YAHOO/STX
EQUITY_TREND_SEE,SEE,STOCK,YAHOO/SEE
EQUITY_TREND_SRE,SRE,STOCK,YAHOO/SRE
EQUITY_TREND_SHW,SHW,STOCK,YAHOO/SHW
EQUITY_TREND_SIG,SIG,STOCK,YAHOO/SIG
EQUITY_TREND_SPG,SPG,STOCK,YAHOO/SPG
EQUITY_TREND_SWKS,SWKS,STOCK,YAHOO/SWKS
EQUITY_TREND_SLG,SLG,STOCK,YAHOO/SLG
EQUITY_TREND_SJM,SJM,STOCK,YAHOO/SJM
EQUITY_TREND_SNA,SNA,STOCK,YAHOO/SNA
EQUITY_TREND_SO,SO,STOCK,YAHOO/SO
EQUITY_TREND_LUV,LUV,STOCK,YAHOO/LUV
EQUITY_TREND_SWN,SWN,STOCK,YAHOO/SWN
EQUITY_TREND_SE,SE,STOCK,YAHOO/SE
EQUITY_TREND_STJ,STJ,STOCK,YAHOO/STJ
EQUITY_TREND_SWK,SWK,STOCK,YAHOO/SWK
EQUITY_TREND_SPLS,SPLS,STOCK,YAHOO/SPLS
EQUITY_TREND_SBUX,SBUX,STOCK,YAHOO/SBUX
EQUITY_TREND_HOT,HOT,STOCK,YAHOO/HOT
EQUITY_TREND_STT,STT,STOCK,YAHOO/STT
EQUITY_TREND_SRCL,SRCL,STOCK,YAHOO/SRCL
EQUITY_TREND_SYK,SYK,STOCK,YAHOO/SYK
EQUITY_TREND_STI,STI,STOCK,YAHOO/STI
EQUITY_TREND_SYMC,SYMC,STOCK,YAHOO/SYMC
EQUITY_TREND_SYF,SYF,STOCK,YAHOO/SYF
EQUITY_TREND_SYY,SYY,STOCK,YAHOO/SYY
EQUITY_TREND_TROW,TROW,STOCK,YAHOO/TROW
EQUITY_TREND_TGT,TGT,STOCK,YAHOO/TGT
EQUITY_TREND_TEL,TEL,STOCK,YAHOO/TEL
EQUITY_TREND_TE,TE,STOCK,YAHOO/TE
EQUITY_TREND_TGNA,TGNA,STOCK,YAHOO/TGNA
EQUITY_TREND_THC,THC,STOCK,YAHOO/THC
EQUITY_TREND_TDC,TDC,STOCK,YAHOO/TDC
EQUITY_TREND_TSO,TSO,STOCK,YAHOO/TSO
EQUITY_TREND_TXN,TXN,STOCK,YAHOO/TXN
EQUITY_TREND_TXT,TXT,STOCK,YAHOO/TXT
EQUITY_TREND_HSY,HSY,STOCK,YAHOO/HSY
EQUITY_TREND_TRV,TRV,STOCK,YAHOO/TRV
EQUITY_TREND_TMO,TMO,STOCK,YAHOO/TMO
EQUITY_TREND_TIF,TIF,STOCK,YAHOO/TIF
EQUITY_TREND_TWX,TWX,STOCK,YAHOO/TWX
EQUITY_TREND_TWC,TWC,STOCK,YAHOO/TWC
EQUITY_TREND_TJX,TJX,STOCK,YAHOO/TJX
EQUITY_TREND_TMK,TMK,STOCK,YAHOO/TMK
EQUITY_TREND_TSS,TSS,STOCK,YAHOO/TSS
EQUITY_TREND_TSCO,TSCO,STOCK,YAHOO/TSCO
EQUITY_TREND_RIG,RIG,STOCK,YAHOO/RIG
EQUITY_TREND_TRIP,TRIP,STOCK,YAHOO/TRIP
EQUITY_TREND_FOXA,FOXA,STOCK,YAHOO/FOXA
EQUITY_TREND_FOX,FOX,STOCK,YAHOO/FOX
EQUITY_TREND_TSN,TSN,STOCK,YAHOO/TSN
EQUITY_TREND_TYC,TYC,STOCK,YAHOO/TYC
EQUITY_TREND_UDR,UDR,STOCK,YAHOO/UDR
EQUITY_TREND_USB,USB,STOCK,YAHOO/USB
EQUITY_TREND_UA,UA,STOCK,YAHOO/UA
EQUITY_TREND_UNP,UNP,STOCK,YAHOO/UNP
EQUITY_TREND_UAL,UAL,STOCK,YAHOO/UAL
EQUITY_TREND_UNH,UNH,STOCK,YAHOO/UNH
EQUITY_TREND_UPS,UPS,STOCK,YAHOO/UPS
EQUITY_TREND_URI,URI,STOCK,YAHOO/URI
EQUITY_TREND_UTX,UTX,STOCK,YAHOO/UTX
EQUITY_TREND_UHS,UHS,STOCK,YAHOO/UHS
EQUITY_TREND_UNM,UNM,STOCK,YAHOO/UNM
EQUITY_TREND_URBN,URBN,STOCK,YAHOO/URBN
EQUITY_TREND_VFC,VFC,STOCK,YAHOO/VFC
EQUITY_TREND_VLO,VLO,STOCK,YAHOO/VLO
EQUITY_TREND_VAR,VAR,STOCK,YAHOO/VAR
EQUITY_TREND_VTR,VTR,STOCK,YAHOO/VTR
EQUITY_TREND_VRSN,VRSN,STOCK,YAHOO/VRSN
EQUITY_TREND_VRSK,VRSK,STOCK,YAHOO/VRSK
EQUITY_TREND_VZ,VZ,STOCK,YAHOO/VZ
EQUITY_TREND_VRTX,VRTX,STOCK,YAHOO/VRTX
EQUITY_TREND_VIAB,VIAB,STOCK,YAHOO/VIAB
EQUITY_TREND_V,V,STOCK,YAHOO/V
EQUITY_TREND_VNO,VNO,STOCK,YAHOO/VNO
EQUITY_TREND_VMC,VMC,STOCK,YAHOO/VMC
EQUITY_TREND_WMT,WMT,STOCK,YAHOO/WMT
EQUITY_TREND_WBA,WBA,STOCK,YAHOO/WBA
EQUITY_TREND_DIS,DIS,STOCK,YAHOO/DIS
EQUITY_TREND_WM,WM,STOCK,YAHOO/WM
EQUITY_TREND_WAT,WAT,STOCK,YAHOO/WAT
EQUITY_TREND_ANTM,ANTM,STOCK,YAHOO/ANTM
EQUITY_TREND_WFC,WFC,STOCK,YAHOO/WFC
EQUITY_TREND_HCN,HCN,STOCK,YAHOO/HCN
EQUITY_TREND_WDC,WDC,STOCK,YAHOO/WDC
EQUITY_TREND_WU,WU,STOCK,YAHOO/WU
EQUITY_TREND_WY,WY,STOCK,YAHOO/WY
EQUITY_TREND_WHR,WHR,STOCK,YAHOO/WHR
EQUITY_TREND_WFM,WFM,STOCK,YAHOO/WFM
EQUITY_TREND_WMB,WMB,STOCK,YAHOO/WMB
EQUITY_TREND_WLTW,WLTW,STOCK,YAHOO/WLTW
EQUITY_TREND_WEC,WEC,STOCK,YAHOO/WEC
EQUITY_TREND_WYN,WYN,STOCK,YAHOO/WYN
EQUITY_TREND_WYNN,WYNN,STOCK,YAHOO/WYNN
EQUITY_TREND_XEL,XEL,STOCK,YAHOO/XEL
EQUITY_TREND_XRX,XRX,STOCK,YAHOO/XRX
EQUITY_TREND_XLNX,XLNX,STOCK,YAHOO/XLNX
EQUITY_TREND_XL,XL,STOCK,YAHOO/XL
EQUITY_TREND_XYL,XYL,STOCK,YAHOO/XYL
EQUITY_TREND_YHOO,YHOO,STOCK,YAHOO/YHOO
EQUITY_TREND_YUM,YUM,STOCK,YAHOO/YUM
EQUITY_TREND_ZBH,ZBH,STOCK,YAHOO/ZBH
EQUITY_TREND_ZION,ZION,STOCK,YAHOO/ZION
EQUITY_TREND_ZTS,ZTS,STOCK,YAHOO/ZTS
